<?xml version="1.0" encoding="UTF-8"?><rss version="2.0"
	xmlns:content="http://purl.org/rss/1.0/modules/content/"
	xmlns:wfw="http://wellformedweb.org/CommentAPI/"
	xmlns:dc="http://purl.org/dc/elements/1.1/"
	xmlns:atom="http://www.w3.org/2005/Atom"
	xmlns:sy="http://purl.org/rss/1.0/modules/syndication/"
	xmlns:slash="http://purl.org/rss/1.0/modules/slash/"
	>

<channel>
	<title>Senza categoria Archivi - GoodBio</title>
	<atom:link href="http://localhost/sito.bio/category/senza-categoria/feed/?simply_static_page=335" rel="self" type="application/rss+xml" />
	<link>./../index.html</link>
	<description>Bio e Buono per te</description>
	<lastBuildDate>Fri, 10 Mar 2023 14:16:17 +0000</lastBuildDate>
	<language>it-IT</language>
	<sy:updatePeriod>
	hourly	</sy:updatePeriod>
	<sy:updateFrequency>
	1	</sy:updateFrequency>
	<generator>https://wordpress.org/?v=6.1.1</generator>

<image>
	<url>./../../../wp-content/uploads/2023/03/Logo-bio-150x150.png</url>
	<title>Senza categoria Archivi - GoodBio</title>
	<link>./../index.html</link>
	<width>32</width>
	<height>32</height>
</image> 
	<item>
		<title>Olio extravergine di oliva biologico</title>
		<link>./../../../2023/03/10/olio-extravergine-di-oliva-biologico/index.html</link>
					<comments>./../../../2023/03/10/olio-extravergine-di-oliva-biologico/index.html#respond</comments>
		
		<dc:creator><![CDATA[jen]]></dc:creator>
		<pubDate>Fri, 10 Mar 2023 11:42:01 +0000</pubDate>
				<category><![CDATA[Senza categoria]]></category>
		<guid isPermaLink="false">./../../../index.html?p=135</guid>

					<description><![CDATA[<p>Olio extravergine di oliva biologico Il nostro olio extra vergine di oliva biologico è prodotto utilizzando solo le migliori olive biologiche italiane. Con il suo gusto fruttato e il suo colore verde intenso, il nostro olio biologico è l&#8217;ingrediente perfetto per le tue insalate, i tuoi piatti a base di pesce e le tue bruschette</p>
<p>L'articolo <a rel="nofollow" href="./../../../2023/03/10/olio-extravergine-di-oliva-biologico/index.html">Olio extravergine di oliva biologico</a> proviene da <a rel="nofollow" href="./../../../">GoodBio</a>.</p>
]]></description>
										<content:encoded><![CDATA[		<div data-elementor-type="wp-post" data-elementor-id="135" class="elementor elementor-135">
									<section class="elementor-section elementor-top-section elementor-element elementor-element-045b681 elementor-section-full_width elementor-section-height-default elementor-section-height-default" data-id="045b681" data-element_type="section" data-settings="{&quot;background_background&quot;:&quot;classic&quot;}">
						<div class="elementor-container elementor-column-gap-default">
					<div class="elementor-column elementor-col-100 elementor-top-column elementor-element elementor-element-cbac686" data-id="cbac686" data-element_type="column">
			<div class="elementor-widget-wrap elementor-element-populated">
								<div class="elementor-element elementor-element-83a856d elementor-widget elementor-widget-spacer" data-id="83a856d" data-element_type="widget" data-widget_type="spacer.default">
				<div class="elementor-widget-container">
			<style>/*! elementor - v3.11.3 - 07-03-2023 */
.elementor-column .elementor-spacer-inner{height:var(--spacer-size)}.e-con{--container-widget-width:100%}.e-con-inner>.elementor-widget-spacer,.e-con>.elementor-widget-spacer{width:var(--container-widget-width,var(--spacer-size));--align-self:var(--container-widget-align-self,initial);--flex-shrink:0}.e-con-inner>.elementor-widget-spacer>.elementor-widget-container,.e-con-inner>.elementor-widget-spacer>.elementor-widget-container>.elementor-spacer,.e-con>.elementor-widget-spacer>.elementor-widget-container,.e-con>.elementor-widget-spacer>.elementor-widget-container>.elementor-spacer{height:100%}.e-con-inner>.elementor-widget-spacer>.elementor-widget-container>.elementor-spacer>.elementor-spacer-inner,.e-con>.elementor-widget-spacer>.elementor-widget-container>.elementor-spacer>.elementor-spacer-inner{height:var(--container-widget-height,var(--spacer-size))}</style>		<div class="elementor-spacer">
			<div class="elementor-spacer-inner"></div>
		</div>
				</div>
				</div>
				<div class="elementor-element elementor-element-2643967 elementor-widget elementor-widget-heading" data-id="2643967" data-element_type="widget" data-widget_type="heading.default">
				<div class="elementor-widget-container">
			<style>/*! elementor - v3.11.3 - 07-03-2023 */
.elementor-heading-title{padding:0;margin:0;line-height:1}.elementor-widget-heading .elementor-heading-title[class*=elementor-size-]>a{color:inherit;font-size:inherit;line-height:inherit}.elementor-widget-heading .elementor-heading-title.elementor-size-small{font-size:15px}.elementor-widget-heading .elementor-heading-title.elementor-size-medium{font-size:19px}.elementor-widget-heading .elementor-heading-title.elementor-size-large{font-size:29px}.elementor-widget-heading .elementor-heading-title.elementor-size-xl{font-size:39px}.elementor-widget-heading .elementor-heading-title.elementor-size-xxl{font-size:59px}</style><h2 class="elementor-heading-title elementor-size-large">Olio extravergine di oliva biologico</h2>		</div>
				</div>
				<div class="elementor-element elementor-element-69ca9ca elementor-widget elementor-widget-spacer" data-id="69ca9ca" data-element_type="widget" data-widget_type="spacer.default">
				<div class="elementor-widget-container">
					<div class="elementor-spacer">
			<div class="elementor-spacer-inner"></div>
		</div>
				</div>
				</div>
				<div class="elementor-element elementor-element-8db3517 elementor-widget elementor-widget-image" data-id="8db3517" data-element_type="widget" data-widget_type="image.default">
				<div class="elementor-widget-container">
			<style>/*! elementor - v3.11.3 - 07-03-2023 */
.elementor-widget-image{text-align:center}.elementor-widget-image a{display:inline-block}.elementor-widget-image a img[src$=".svg"]{width:48px}.elementor-widget-image img{vertical-align:middle;display:inline-block}</style>												<img decoding="async" width="680" height="453" src="./../../../wp-content/uploads/2023/03/uliveto.jpeg" class="attachment-full size-full wp-image-155" alt="" srcset="./../../../wp-content/uploads/2023/03/uliveto.jpeg 680w, ./../../../wp-content/uploads/2023/03/uliveto-300x200.jpeg 300w" sizes="(max-width: 680px) 100vw, 680px" />															</div>
				</div>
				<section class="elementor-section elementor-inner-section elementor-element elementor-element-ae2b5e1 elementor-section-boxed elementor-section-height-default elementor-section-height-default" data-id="ae2b5e1" data-element_type="section">
						<div class="elementor-container elementor-column-gap-default">
					<div class="elementor-column elementor-col-50 elementor-inner-column elementor-element elementor-element-054eadc" data-id="054eadc" data-element_type="column">
			<div class="elementor-widget-wrap elementor-element-populated">
								<div class="elementor-element elementor-element-51d29ed elementor-widget__width-initial elementor-widget elementor-widget-text-editor" data-id="51d29ed" data-element_type="widget" data-widget_type="text-editor.default">
				<div class="elementor-widget-container">
			<style>/*! elementor - v3.11.3 - 07-03-2023 */
.elementor-widget-text-editor.elementor-drop-cap-view-stacked .elementor-drop-cap{background-color:#818a91;color:#fff}.elementor-widget-text-editor.elementor-drop-cap-view-framed .elementor-drop-cap{color:#818a91;border:3px solid;background-color:transparent}.elementor-widget-text-editor:not(.elementor-drop-cap-view-default) .elementor-drop-cap{margin-top:8px}.elementor-widget-text-editor:not(.elementor-drop-cap-view-default) .elementor-drop-cap-letter{width:1em;height:1em}.elementor-widget-text-editor .elementor-drop-cap{float:left;text-align:center;line-height:1;font-size:50px}.elementor-widget-text-editor .elementor-drop-cap-letter{display:inline-block}</style>				<p>Il nostro olio extra vergine di oliva biologico è prodotto utilizzando solo le migliori olive biologiche italiane.</p><p>Con il suo gusto fruttato e il suo colore verde intenso, il nostro olio biologico è l&#8217;ingrediente perfetto per le tue insalate, i tuoi piatti a base di pesce e le tue bruschette</p>						</div>
				</div>
					</div>
		</div>
				<div class="elementor-column elementor-col-50 elementor-inner-column elementor-element elementor-element-edda17a" data-id="edda17a" data-element_type="column">
			<div class="elementor-widget-wrap elementor-element-populated">
								<div class="elementor-element elementor-element-60dcef6 elementor-widget elementor-widget-image" data-id="60dcef6" data-element_type="widget" data-widget_type="image.default">
				<div class="elementor-widget-container">
															<img decoding="async" width="260" height="300" src="./../../../wp-content/uploads/2023/03/olive-260x300.jpeg" class="attachment-medium size-medium wp-image-154" alt="olive bio" srcset="./../../../wp-content/uploads/2023/03/olive-260x300.jpeg 260w, ./../../../wp-content/uploads/2023/03/olive-886x1024.jpeg 886w, ./../../../wp-content/uploads/2023/03/olive-768x887.jpeg 768w, ./../../../wp-content/uploads/2023/03/olive.jpeg 900w" sizes="(max-width: 260px) 100vw, 260px" />															</div>
				</div>
					</div>
		</div>
							</div>
		</section>
					</div>
		</div>
							</div>
		</section>
							</div>
		<p>L'articolo <a rel="nofollow" href="./../../../2023/03/10/olio-extravergine-di-oliva-biologico/index.html">Olio extravergine di oliva biologico</a> proviene da <a rel="nofollow" href="./../../../">GoodBio</a>.</p>
]]></content:encoded>
					
					<wfw:commentRss>./../../../2023/03/10/olio-extravergine-di-oliva-biologico/feed/index.html</wfw:commentRss>
			<slash:comments>0</slash:comments>
		
		
			</item>
		<item>
		<title>Mix di frutta secca biologica</title>
		<link>./../../../2023/03/10/mix-di-frutta-secca-biologica/index.html</link>
					<comments>./../../../2023/03/10/mix-di-frutta-secca-biologica/index.html#respond</comments>
		
		<dc:creator><![CDATA[jen]]></dc:creator>
		<pubDate>Fri, 10 Mar 2023 11:41:28 +0000</pubDate>
				<category><![CDATA[Senza categoria]]></category>
		<guid isPermaLink="false">./../../../index.html?p=133</guid>

					<description><![CDATA[<p>Mix di frutta secca biologica Il nostro mix di frutta secca biologica è composto da mandorle, noci, nocciole e uvetta, tutti ingredienti naturali e senza conservanti. Perfetto per uno snack salutare durante la giornata oppure per arricchire i tuoi piatti dolci e salati.</p>
<p>L'articolo <a rel="nofollow" href="./../../../2023/03/10/mix-di-frutta-secca-biologica/index.html">Mix di frutta secca biologica</a> proviene da <a rel="nofollow" href="./../../../">GoodBio</a>.</p>
]]></description>
										<content:encoded><![CDATA[		<div data-elementor-type="wp-post" data-elementor-id="133" class="elementor elementor-133">
									<section class="elementor-section elementor-top-section elementor-element elementor-element-fb30d4d elementor-section-full_width elementor-section-height-default elementor-section-height-default" data-id="fb30d4d" data-element_type="section">
							<div class="elementor-background-overlay"></div>
							<div class="elementor-container elementor-column-gap-default">
					<div class="elementor-column elementor-col-100 elementor-top-column elementor-element elementor-element-2488661" data-id="2488661" data-element_type="column">
			<div class="elementor-widget-wrap elementor-element-populated">
								<div class="elementor-element elementor-element-63f90a7 elementor-widget elementor-widget-spacer" data-id="63f90a7" data-element_type="widget" data-widget_type="spacer.default">
				<div class="elementor-widget-container">
					<div class="elementor-spacer">
			<div class="elementor-spacer-inner"></div>
		</div>
				</div>
				</div>
				<div class="elementor-element elementor-element-566cba5 elementor-widget elementor-widget-heading" data-id="566cba5" data-element_type="widget" data-widget_type="heading.default">
				<div class="elementor-widget-container">
			<h2 class="elementor-heading-title elementor-size-large">Mix di frutta secca biologica</h2>		</div>
				</div>
				<section class="elementor-section elementor-inner-section elementor-element elementor-element-fa08f13 elementor-section-boxed elementor-section-height-default elementor-section-height-default" data-id="fa08f13" data-element_type="section">
						<div class="elementor-container elementor-column-gap-default">
					<div class="elementor-column elementor-col-50 elementor-inner-column elementor-element elementor-element-6d02bcc" data-id="6d02bcc" data-element_type="column">
			<div class="elementor-widget-wrap elementor-element-populated">
								<div class="elementor-element elementor-element-f9be16e elementor-widget elementor-widget-image" data-id="f9be16e" data-element_type="widget" data-widget_type="image.default">
				<div class="elementor-widget-container">
															<img decoding="async" width="275" height="183" src="./../../../wp-content/uploads/2023/03/mix-3.jpeg" class="attachment-large size-large wp-image-160" alt="frutta secca biologica" />															</div>
				</div>
					</div>
		</div>
				<div class="elementor-column elementor-col-50 elementor-inner-column elementor-element elementor-element-f0ff042" data-id="f0ff042" data-element_type="column">
			<div class="elementor-widget-wrap elementor-element-populated">
								<div class="elementor-element elementor-element-ea6560b elementor-widget elementor-widget-text-editor" data-id="ea6560b" data-element_type="widget" data-widget_type="text-editor.default">
				<div class="elementor-widget-container">
							<p>Il nostro mix di frutta secca biologica è composto da mandorle, noci, nocciole e uvetta, tutti ingredienti naturali e senza conservanti.</p><p>Perfetto per uno snack salutare durante la giornata oppure per arricchire i tuoi piatti dolci e salati.</p>						</div>
				</div>
					</div>
		</div>
							</div>
		</section>
				<div class="elementor-element elementor-element-35cafd3 elementor-widget elementor-widget-spacer" data-id="35cafd3" data-element_type="widget" data-widget_type="spacer.default">
				<div class="elementor-widget-container">
					<div class="elementor-spacer">
			<div class="elementor-spacer-inner"></div>
		</div>
				</div>
				</div>
					</div>
		</div>
							</div>
		</section>
							</div>
		<p>L'articolo <a rel="nofollow" href="./../../../2023/03/10/mix-di-frutta-secca-biologica/index.html">Mix di frutta secca biologica</a> proviene da <a rel="nofollow" href="./../../../">GoodBio</a>.</p>
]]></content:encoded>
					
					<wfw:commentRss>./../../../2023/03/10/mix-di-frutta-secca-biologica/feed/index.html</wfw:commentRss>
			<slash:comments>0</slash:comments>
		
		
			</item>
		<item>
		<title>Miele biologico di alta montagna</title>
		<link>./../../../2023/03/10/miele-biologico/index.html</link>
					<comments>./../../../2023/03/10/miele-biologico/index.html#comments</comments>
		
		<dc:creator><![CDATA[jen]]></dc:creator>
		<pubDate>Fri, 10 Mar 2023 06:17:39 +0000</pubDate>
				<category><![CDATA[Senza categoria]]></category>
		<guid isPermaLink="false">./../../../index.html?p=1</guid>

					<description><![CDATA[<p>Miele biologico di alta montagna Il nostro miele biologico di alta montagna viene raccolto dalle api che volano libere tra i fiori e i prati alpini. Con il suo aroma intenso e la consistenza cremosa, il nostro miele biologico è perfetto per dolcificare il tuo tè o per accompagnare i tuoi dolci preferiti</p>
<p>L'articolo <a rel="nofollow" href="./../../../2023/03/10/miele-biologico/index.html">Miele biologico di alta montagna</a> proviene da <a rel="nofollow" href="./../../../">GoodBio</a>.</p>
]]></description>
										<content:encoded><![CDATA[		<div data-elementor-type="wp-post" data-elementor-id="1" class="elementor elementor-1">
									<section class="elementor-section elementor-top-section elementor-element elementor-element-25a5acd6 elementor-section-boxed elementor-section-height-default elementor-section-height-default" data-id="25a5acd6" data-element_type="section">
						<div class="elementor-container elementor-column-gap-default">
					<div class="elementor-column elementor-col-100 elementor-top-column elementor-element elementor-element-1ed0d537" data-id="1ed0d537" data-element_type="column">
			<div class="elementor-widget-wrap elementor-element-populated">
								<div class="elementor-element elementor-element-311974e elementor-widget elementor-widget-spacer" data-id="311974e" data-element_type="widget" data-widget_type="spacer.default">
				<div class="elementor-widget-container">
					<div class="elementor-spacer">
			<div class="elementor-spacer-inner"></div>
		</div>
				</div>
				</div>
				<div class="elementor-element elementor-element-3cd5d70 elementor-widget elementor-widget-heading" data-id="3cd5d70" data-element_type="widget" data-widget_type="heading.default">
				<div class="elementor-widget-container">
			<h2 class="elementor-heading-title elementor-size-large">Miele biologico di alta montagna</h2>		</div>
				</div>
				<section class="elementor-section elementor-inner-section elementor-element elementor-element-5494027 elementor-section-boxed elementor-section-height-default elementor-section-height-default" data-id="5494027" data-element_type="section">
						<div class="elementor-container elementor-column-gap-default">
					<div class="elementor-column elementor-col-50 elementor-inner-column elementor-element elementor-element-7b19b2f" data-id="7b19b2f" data-element_type="column">
			<div class="elementor-widget-wrap elementor-element-populated">
								<div class="elementor-element elementor-element-abc89e4 elementor-widget elementor-widget-text-editor" data-id="abc89e4" data-element_type="widget" data-widget_type="text-editor.default">
				<div class="elementor-widget-container">
							<p>Il nostro miele biologico di alta montagna viene raccolto dalle api che volano libere tra i fiori e i prati alpini.</p>
<p>Con il suo aroma intenso e la consistenza cremosa, il nostro miele biologico è perfetto per dolcificare il tuo tè o per accompagnare i tuoi dolci preferiti</p>						</div>
				</div>
					</div>
		</div>
				<div class="elementor-column elementor-col-50 elementor-inner-column elementor-element elementor-element-0a53796" data-id="0a53796" data-element_type="column">
			<div class="elementor-widget-wrap elementor-element-populated">
								<div class="elementor-element elementor-element-bb72667 elementor-widget elementor-widget-image" data-id="bb72667" data-element_type="widget" data-widget_type="image.default">
				<div class="elementor-widget-container">
															<img decoding="async" width="245" height="300" src="./../../../wp-content/uploads/2023/03/miele-245x300.jpeg" class="attachment-medium size-medium wp-image-167" alt="miele bio" srcset="./../../../wp-content/uploads/2023/03/miele-245x300.jpeg 245w, ./../../../wp-content/uploads/2023/03/miele-768x941.jpeg 768w, ./../../../wp-content/uploads/2023/03/miele.jpeg 816w" sizes="(max-width: 245px) 100vw, 245px" />															</div>
				</div>
					</div>
		</div>
							</div>
		</section>
				<div class="elementor-element elementor-element-2745f06 elementor-widget elementor-widget-image" data-id="2745f06" data-element_type="widget" data-widget_type="image.default">
				<div class="elementor-widget-container">
															<img decoding="async" width="1024" height="775" src="./../../../wp-content/uploads/2023/03/api-1024x775.jpeg" class="attachment-large size-large wp-image-168" alt="" srcset="./../../../wp-content/uploads/2023/03/api-1024x775.jpeg 1024w, ./../../../wp-content/uploads/2023/03/api-300x227.jpeg 300w, ./../../../wp-content/uploads/2023/03/api-768x581.jpeg 768w, ./../../../wp-content/uploads/2023/03/api-1536x1162.jpeg 1536w, ./../../../wp-content/uploads/2023/03/api.jpeg 1920w" sizes="(max-width: 1024px) 100vw, 1024px" />															</div>
				</div>
					</div>
		</div>
							</div>
		</section>
							</div>
		<p>L'articolo <a rel="nofollow" href="./../../../2023/03/10/miele-biologico/index.html">Miele biologico di alta montagna</a> proviene da <a rel="nofollow" href="./../../../">GoodBio</a>.</p>
]]></content:encoded>
					
					<wfw:commentRss>./../../../2023/03/10/miele-biologico/feed/index.html</wfw:commentRss>
			<slash:comments>1</slash:comments>
		
		
			</item>
	</channel>
</rss>
