<?xml version="1.0" encoding="UTF-8"?><rss version="2.0"
	xmlns:content="http://purl.org/rss/1.0/modules/content/"
	xmlns:dc="http://purl.org/dc/elements/1.1/"
	xmlns:atom="http://www.w3.org/2005/Atom"
	xmlns:sy="http://purl.org/rss/1.0/modules/syndication/"
	
	>
<channel>
	<title>
	Commenti a: Mix di frutta secca biologica	</title>
	<atom:link href="http://localhost/sito.bio/2023/03/10/mix-di-frutta-secca-biologica/feed/?simply_static_page=292" rel="self" type="application/rss+xml" />
	<link>./../index.html</link>
	<description>Bio e Buono per te</description>
	<lastBuildDate>Fri, 10 Mar 2023 12:41:26 +0000</lastBuildDate>
	<sy:updatePeriod>
	hourly	</sy:updatePeriod>
	<sy:updateFrequency>
	1	</sy:updateFrequency>
	<generator>https://wordpress.org/?v=6.1.1</generator>
</channel>
</rss>
